Rank,Name,Link,Price,Review Count,Rating
1,"Stanley Quencher H2.0 FlowState Stainless Steel Vacuum Insulated Tumbler with Lid and Straw for Water, Iced Tea or Coffee, Smoothie and More, Lilac, 30oz",https://www.amazon.com/Quencher-FlowState-Stainless-Insulated-Smoothie/dp/B0CJZMP7L1/ref=zg_bs_g_kitchen_d_sccl_1/137-2264998-7270810?psc=1,35.00,"41,721",4.7
2,"Owala FreeSip Insulated Stainless Steel Water Bottle with Straw for Sports and Travel, BPA-Free, 24-oz, Shy Marshmallow",https://www.amazon.com/Owala-Insulated-Stainless-Steel-Push-Button-Marshmallow/dp/B085DV8T75/ref=zg_bs_g_kitchen_d_sccl_2/137-2264998-7270810?psc=1,20.96,"57,430",4.7
3,KitchenAid Classic Multifunction Can Opener / Bottle Opener,https://www.amazon.com/KitchenAid-KE199OHOBA-Classic-Multifunction-Opener/dp/B07YP2VH4B/ref=zg_bs_g_kitchen_d_sccl_3/137-2264998-7270810?psc=1,9.49,"86,230",4.6
4,"Etekcity Food Kitchen Scale, Digital Grams and Ounces for Weight Loss, Baking, Cooking, Keto and Meal Prep, LCD Display, Medium, 304 Stainless Steel",https://www.amazon.com/Etekcity-Multifunction-Stainless-Batteries-Included/dp/B0113UZJE2/ref=zg_bs_g_kitchen_d_sccl_4/137-2264998-7270810?psc=1,9.99,"160,790",4.6
5,"Stanley IceFlow Stainless Steel Tumbler with Straw - Vacuum Insulated Water Bottle for Home, Office or Car Reusable Cup with Straw Leak Resistant Flip Cold for 12 Hrs or Iced for 2 Days (Rose Quartz)",https://www.amazon.com/Stanley-IceFlow-Stainless-Steel-Tumbler/dp/B0BNYR7MQV/ref=zg_bs_g_kitchen_d_sccl_5/137-2264998-7270810?psc=1,32.91,"35,935",4.6
6,"Amazon Basics Digital Kitchen Scale with LCD Display, Batteries Included, Weighs up to 11 pounds, Black and Stainless Steel",https://www.amazon.com/AmazonBasics-Stainless-Digital-Batteries-Included/dp/B06X9NQ8GX/ref=zg_bs_g_kitchen_d_sccl_6/137-2264998-7270810?psc=1,11.49,"94,427",4.7
7,"YARRAMATE Oil Sprayer for Cooking, 2 in 1 Olive Oil Dispenser Bottle for Kitchen, 16oz/470ml Premium Glass Oil Bottle, Food-grade Oil Mister for Air Fryer, Salad, Frying, BBQ (Creamy White)",https://www.amazon.com/YARRAMATE-Sprayer-Cooking-Dispenser-Food-grade/dp/B0C9ZQ434J/ref=zg_bs_g_kitchen_d_sccl_7/137-2264998-7270810?psc=1,8.77,"10,578",4.4
8,"SURETIVIAN Chicken Shredder Large Chicken Breast Shredder Tool Twist with Brush&Fork, Visible Meat Shredder Machine, Anti-Slip Strip, Ergonomic Handle, BPA Free, Suitable for Pork Beef Chicken(Orange)",https://www.amazon.com/SURETIVIAN-Shredder-Anti-Slip-Ergonomic-Suitable/dp/B0CJN8ZWL1/ref=zg_bs_g_kitchen_d_sccl_8/137-2264998-7270810?psc=1,19.99,"5,318",4.6
9,"HydroJug Traveler - Modern 40 oz Tumbler with Handle & Simple Flip Straw - Car Cup Holder Friendly, Leak Resistant Water Bottle-Reusable Insulated Stainless Steel & Rubber Base - Gifts for Women & Men",https://www.amazon.com/HydroJug-Traveler-Resistant-Bottle-Reusable-Insulated/dp/B0CQVWW5QK/ref=zg_bs_g_kitchen_d_sccl_9/137-2264998-7270810?psc=1,39.99,"3,961",4.4
10,"TrendPlain 16oz Oil Dispenser Bottle for Kitchen - 2 in 1 Olive Oil Dispenser and Oil Sprayer - 470ml Olive Oil Bottle - Oil Sprayer for Cooking, Kitchen, Salad, Barbecue Black",https://www.amazon.com/TrendPlain-16oz-Dispenser-Bottle-Kitchen/dp/B0CJF94M8J/ref=zg_bs_g_kitchen_d_sccl_10/137-2264998-7270810?psc=1,8.77,"6,972",4.5
11,"Air Fryer Paper Liners, 125PCS Non-stick Disposable Liners, Baking Paper for Air Fryer Oil-proof, Water-proof, Food Grade Parchment for Baking Roasting Microwave (8inch-Square)",https://www.amazon.com/Disposable-Non-stick-Oil-proof-Water-proof-100Pcs-7-9/dp/B09PHQZYRF/ref=zg_bs_g_kitchen_d_sccl_11/137-2264998-7270810?psc=1,9.89,"14,452",4.6
12,"KitchenAid Ribbed Soft Silicone Oven Mitt Set, 7""x13"", Milkshake 2 Count",https://www.amazon.com/KitchenAid-Ribbed-Soft-Silicone-Milkshake/dp/B08J8GZXKZ/ref=zg_bs_g_kitchen_d_sccl_12/137-2264998-7270810?psc=1,15.09,"6,566",4.7
13,ThermoPro TP19H Digital Meat Thermometer for Cooking with Ambidextrous Backlit and Motion Sensing Kitchen Cooking Food Thermometer for BBQ Grill Smoker Oil Fry Candy Instant Read Thermometer,https://www.amazon.com/ThermoPro-Thermometer-Grilling-Waterproof-Ambidextrous/dp/B07XXSYLL8/ref=zg_bs_g_kitchen_d_sccl_13/137-2264998-7270810?psc=1,14.99,"41,872",4.7
14,"KitchenAid All Purpose Kitchen Shears with Protective Sheath for Everyday use, Dishwasher Safe Stainless Steel Scissors with Comfort Grip, 8.72-Inch, Black",https://www.amazon.com/KitchenAid-Protective-Dishwasher-Stainless-8-72-Inch/dp/B07PZF3QS3/ref=zg_bs_g_kitchen_d_sccl_14/137-2264998-7270810?psc=1,8.99,"77,307",4.8
15,"Rubbermaid Brilliance Food Storage Containers, BPA Free, Airtight Lids, Ideal for Lunch, Meal Prep & Leftovers, Set of 5 (3.2 Cup)",https://www.amazon.com/Rubbermaid-Brilliance-Storage-Container-BPA-free/dp/B079M8FPTW/ref=zg_bs_g_kitchen_d_sccl_15/137-2264998-7270810?psc=1,30.16,"102,999",4.7
16,"THERMOS FUNTAINER Water Bottle with Straw - 12 Ounce, Pok√©mon - Kids Stainless Steel Vacuum Insulated Water Bottle with Lid",https://www.amazon.com/THERMOS-FUNTAINER-Stainless-Insulated-Pokemon/dp/B08Z6QSWVQ/ref=zg_bs_g_kitchen_d_sccl_16/137-2264998-7270810?psc=1,12.93,"67,989",4.7
17,Simple Modern Halloween 40 oz Tumbler with Handle and Straw Lid | Leak-Proof Insulated Stainless Steel Water Bottle Travel Mug | Gifts for Women Men Him Her | Trek Signature | Spooky Bats,https://www.amazon.com/Simple-Modern-Leak-Proof-Trek-Signature/dp/B0DF36J316/ref=zg_bs_g_kitchen_d_sccl_17/137-2264998-7270810?psc=1,44.99,"36,168",4.8
18,"Ninja Air Fryer, Roast, Bake, Air Fry, Roast, Broil, Reheats, & Dehydrates, 4-in-1, Fries, Frozen Food, Veggies, and Juicy Meat, Less Oil, Easy Meals, Healthy Meals, Compact, 4 QT, Grey, AF101",https://www.amazon.com/Ninja-AF101-Fryer-Black-gray/dp/B07FDJMC9Q/ref=zg_bs_g_kitchen_d_sccl_18/137-2264998-7270810?psc=1,79.94,"81,822",4.7
19,"The Original Gorilla Grip Heavy Duty Stainless Steel Smooth Edge Manual Can Opener and Bottle Openers, Soft Handle, Rust Proof Oversized Handheld Easy Turn Knob, Multifunctional Kitchen Tool, Black",https://www.amazon.com/Gorilla-Grip-Handheld-Comfortable-Oversized/dp/B09NXMDPS1/ref=zg_bs_g_kitchen_d_sccl_19/137-2264998-7270810?psc=1,11.99,"21,073",4.4
20,Egg Topper Cutter Tool Egg Cracker Tool Egg Shell Opener Hard Boiled Egg Peeler Egg Cracker Tool For Eggs Kitchen Gadgets Egg Cracking Tool Handheld Egg Slicer Egg Peeler Tool For Hard Boiled Eggs (3),https://www.amazon.com/Cracker-Kitchen-Gadgets-Cracking-Handheld/dp/B0CYC9RKSV/ref=zg_bs_g_kitchen_d_sccl_20/137-2264998-7270810?psc=1,9.57,No reviews,No rating
21,"Farberware 5211438 Professional Heat Resistant Nylon Meat and Potato Masher, Safe for Non-Stick Cookware, 10-Inch, Black",https://www.amazon.com/Farberware-5211438-Professional-Resistant-Masher-Safe/dp/B07D15V7T3/ref=zg_bs_g_kitchen_d_sccl_21/137-2264998-7270810?psc=1,6.63,"54,180",4.7
22,"Meat Thermometer Digital for Grilling and Cooking - ANDAXIN Waterproof Ultra-Fast Instant Read Food thermometers with Backlight & Calibration for Kitchen, Deep Fry, BBQ, Grill(Red/Black), LCD",https://www.amazon.com/Meat-Thermometer-Digital-Grilling-Cooking/dp/B0BQ782XNW/ref=zg_bs_g_kitchen_d_sccl_22/137-2264998-7270810?psc=1,6.99,"6,708",4.4
23,YETI Rambler 20 oz Stainless Steel Vacuum Insulated Tumbler w/MagSlider Lid,https://www.amazon.com/YETI-Stainless-Insulated-MagSlider-Charcoal/dp/B07D1BPMD9/ref=zg_bs_g_kitchen_d_sccl_23/137-2264998-7270810?psc=1,35.00,"143,584",4.8
24,"Fullstar Vegetable Chopper - Food Chopper - Onion Chopper - Vegetable Slicer & Spiralizer - Veggie Chopper with Container - Kitchen Gadgets - Home Essentials - Kitchen Accessories (4 in 1, White)",https://www.amazon.com/Vegetable-Chopper-Spiralizer-Slicer-Choppers/dp/B0764HS4SL/ref=zg_bs_g_kitchen_d_sccl_24/137-2264998-7270810?psc=1,29.97,"110,573",4.5
25,"Crock-Pot 7 Quart Oval Manual Slow Cooker, Stainless Steel (SCV700-S-BR), Versatile Cookware for Large Families or Entertaining",https://www.amazon.com/Crock-Pot-SCV700SS-Stainless-7-Quart-Manual/dp/B003OAJGJO/ref=zg_bs_g_kitchen_d_sccl_25/137-2264998-7270810?psc=1,29.99,"32,905",4.7
26,"Homaxy 100% Cotton Waffle Weave Kitchen Dish Cloths, Ultra Soft Absorbent Quick Drying Dish Towels, 12x12 Inches, 6-Pack, Dark Grey",https://www.amazon.com/Homaxy-Cotton-Waffle-Kitchen-Absorbent/dp/B07WMQP4SF/ref=zg_bs_g_kitchen_d_sccl_26/137-2264998-7270810?psc=1,9.99,"29,818",4.5
27,"Alpha Grillers Instant Read Meat Thermometer for Cooking Grill and BBQ Griddle - Waterproof w/Backlight & Calibration for Food, Oven, Air Fryer Accessories, Kitchen Essentials, Stocking Stuffer Gifts",https://www.amazon.com/Thermometer-Cooking-BACKLIGHT-WATERPROOF-Temperature/dp/B00S93EQUK/ref=zg_bs_g_kitchen_d_sccl_27/137-2264998-7270810?psc=1,15.98,"69,173",4.7
28,"DASH Mini Waffle Maker - 4‚Äù Waffle Mold, Nonstick Waffle Iron with Quick Heat-Up, PTFE Nonstick Surface - Perfect Mini Waffle Maker for Kids and Families, Just Add Batter (Aqua)",https://www.amazon.com/DASH-Mini-Waffle-Maker-Nonstick/dp/B01M9I779L/ref=zg_bs_g_kitchen_d_sccl_28/137-2264998-7270810?psc=1,9.99,"241,064",4.6
29,"HOMBERKING 32 Pieces Food Storage Containers Set with Snap Lids (16 Lids + 16 Containers), Plastic Containers, BPA-Free Lunch Container Bento Box for Home, Black",https://www.amazon.com/HOMBERKING-Storage-Containers-Airtight-BPA-Free/dp/B0C39P8ZKN/ref=zg_bs_g_kitchen_d_sccl_29/137-2264998-7270810?psc=1,23.91,"1,217",4.5
30,"Pyrex 1118990 3PC Glass, 1 Cup, 2 Cup, 4 Cup, 3 PC Measuring Cup Set",https://www.amazon.com/Pyrex-Measuring-Cups-3-Piece-Clear/dp/B00M2J7PCI/ref=zg_bs_g_kitchen_d_sccl_30/137-2264998-7270810?psc=1,20.99,"58,424",4.8
31,"Ninja Blender, Food Processor, Blender for-Smoothies, Includes Pitcher, Smoothie Cup, and 8-Cup Bowl, Salsa, Dough, Shakes, Slush, and Frozen Drinks, Mega Kitchen System, Black, BL770AMZ",https://www.amazon.com/Ninja-BL770AMZ-Kitchen-Processor-1500-Watt/dp/B098RDGJNQ/ref=zg_bs_g_kitchen_d_sccl_31/137-2264998-7270810?psc=1,119.99,"42,527",4.7
32,"REALINN Under Sink Organizer and Storage, 2 Pack Pull Out Cabinet Organizer Slide Out Sink Shelf Cabinet Storage Shelves, Under Sink Storage for Kitchen Bathroom Cabinet",https://www.amazon.com/Organizer-Storage-Cabinet-Shelves-Bathroom/dp/B0C5DBMYZF/ref=zg_bs_g_kitchen_d_sccl_32/137-2264998-7270810?psc=1,45.99,"8,196",4.4
33,"Lodge 10.25 Inch Cast Iron Pre-Seasoned Skillet ‚Äì Signature Teardrop Handle - Use in the Oven, on the Stove, on the Grill, or Over a Campfire, Black",https://www.amazon.com/Lodge-Skillet-Pre-Seasoned-Ready-Stove/dp/B00006JSUA/ref=zg_bs_g_kitchen_d_sccl_33/137-2264998-7270810?psc=1,17.70,"121,203",4.7
34,Br√ºMate Era 40 oz Tumbler with Handle and Straw | 100% Leakproof Insulated Tumbler with Lid and Straw | Made of Stainless Steel | Cup Holder Friendly Base | 40oz (Dune),https://www.amazon.com/Br%C3%BCMate-Leakproof-Insulated-Stainless-Friendly/dp/B0CRLHD97N/ref=zg_bs_g_kitchen_d_sccl_34/137-2264998-7270810?psc=1,44.99,"5,090",4.6
35,"DASH Rapid Egg Cooker: 6 Egg Capacity Electric Egg Cooker for Hard Boiled Eggs, Poached Eggs, Scrambled Eggs, or Omelets with Auto Shut Off Feature - Black",https://www.amazon.com/Dash-Rapid-Egg-Cooker-Scrambled/dp/B00DDXWFY0/ref=zg_bs_g_kitchen_d_sccl_35/137-2264998-7270810?psc=1,15.99,"124,797",4.7
36,"Air Fryer Paper Liners,125Pcs Parchment Paper, Air Fryer Disposable Paper Liner for Microwave, Non-Stick Air Fryer Liners Square Free of Bleach (8IN)",https://www.amazon.com/Air-Fryer-Paper-Liners-Disposable/dp/B0B6PLG6G2/ref=zg_bs_g_kitchen_d_sccl_36/137-2264998-7270810?psc=1,12.99,"23,127",4.6
37,"SENSARTE Nonstick Frying Pan Skillet, Swiss Granite Coating Omelette Pan, Healthy Stone Cookware Chef's Pan, PFOA Free (8/9.5/10/11/12.5 Inch) (9.5 Inch)",https://www.amazon.com/SENSARTE-Nonstick-Frying-Pan-Skillet/dp/B086PHS2V8/ref=zg_bs_g_kitchen_d_sccl_37/137-2264998-7270810?psc=1,23.99,"22,501",4.6
38,"Elite Gourmet ECT1027B Cool Touch Toaster with 6 Temperature Settings & Extra Wide 1.25"" Slots for Bagels, Waffles, Specialty Breads, Puff Pastry, Snacks, ETL Certified, 2 Slices, Black",https://www.amazon.com/Elite-ECT1027B-Temperature-Specialty-Certified/dp/B0CB1SSWRM/ref=zg_bs_g_kitchen_d_sccl_38/137-2264998-7270810?psc=1,13.91,"5,334",4.2
39,"KitchenAid Gourmet Multi Sided Meat Tenderizer for Pounding Meats, Nuts, Shellfish, ect, Hang Hole for Easy Storage, Hand Wash, One Size, Black",https://www.amazon.com/KitchenAid-KO119OHOBA-Gourmet-Tenderizer-9-45-Inch/dp/B07Q2WVG1Z/ref=zg_bs_g_kitchen_d_sccl_39/137-2264998-7270810?psc=1,8.06,"24,380",4.8
40,"Ecolution Patented Micro-Pop Microwave Popcorn Popper with Temperature Safe Glass, 3-in-1 Lid Measures Kernels and Melts Butter, Made Without BPA, Dishwasher Safe, 3-Quart, Red",https://www.amazon.com/Ecolution-Micro-Pop-Microwave-Popcorn-Popper/dp/B019CXRMI8/ref=zg_bs_g_kitchen_d_sccl_40/137-2264998-7270810?psc=1,14.99,"68,375",4.3
41,"Magic Bullet Blender, Small, Silver, 11 Piece Set",https://www.amazon.com/Magic-Bullet-Blender-Small-Silver/dp/B012T634SM/ref=zg_bs_g_kitchen_d_sccl_41/137-2264998-7270810?psc=1,37.57,"109,742",4.4
42,"ThermoMaven ProfessionaI Meat Thermometer Digital, 3X Faster 0.5 Sec Instant Read, NIST Certified Accuracy ¬±0.5¬∞F, 100% Waterproof, Auto-Rotating Bright Display, Auto Wake/Sleep, for Candy/Grill/BBQ",https://www.amazon.com/ThermoMaven-ProfessionaI-Thermometer-Waterproof-Auto-Rotating/dp/B0CZCX5WDC/ref=zg_bs_g_kitchen_d_sccl_42/137-2264998-7270810?psc=1,15.99,"1,981",4.8
43,"Copco 2555-0188 Non-Skid 3-Tier Spice Pantry Kitchen Cabinet Organizer, 15-Inch, White/Gray",https://www.amazon.com/Copco-2555-0188-Non-Skid-Kitchen-Organizer/dp/B0036OQU56/ref=zg_bs_g_kitchen_d_sccl_43/137-2264998-7270810?psc=1,6.49,"22,593",4.8
44,"Elite Gourmet ESB-301BF# Countertop Single Cast Iron Burner, 1000 Watts Electric Hot Plate, Temperature Controls, Power Indicator Lights, Easy to Clean, Black",https://www.amazon.com/Elite-Gourmet-ESB-301BF-Countertop-Temperature/dp/B09G99VMB7/ref=zg_bs_g_kitchen_d_sccl_44/137-2264998-7270810?psc=1,16.97,"9,302",4.3
45,Socomi Fall Thanksgiving Table Runner Cheesecloth Table Runner Terracotta 120 inch 10FT Boho Rustic Gauze Table Runner for Wedding Party Baby Shower Fall Decor,https://www.amazon.com/Socomi-Terracotta-Cheesecloth-Table-Runner/dp/B09WXZWSN3/ref=zg_bs_g_kitchen_d_sccl_45/137-2264998-7270810?psc=1,8.99,"2,674",4.8
46,"AROMA Digital Rice Cooker, 4-Cup (Uncooked) / 8-Cup (Cooked), Steamer, Grain Cooker, Multicooker, 2 Qt, Stainless Steel Exterior, ARC-914SBD",https://www.amazon.com/Aroma-Housewares-ARC-914SBD-Cool-Touch-Stainless/dp/B007WQ9YNO/ref=zg_bs_g_kitchen_d_sccl_46/137-2264998-7270810?psc=1,29.92,"60,542",4.5
47,"Stanley Reusable Quencher Straws | 4-Pack of BPA-Free, Reusable Straws for Clean Drinking | Perfect for Stanley's 40oz Tumblers | Clear",https://www.amazon.com/Stanley-Reusable-Quencher-Straws-BPA-Free/dp/B0BTMXHKS1/ref=zg_bs_g_kitchen_d_sccl_47/137-2264998-7270810?psc=1,11.97,"1,949",4.8
48,"DOQAUS Ice Cube Tray with Lid and Bin, 4 Pack Silicone Plastic Ice Cube Trays for Freezer with Ice Box, Ice Trays with Ice Container, Stackable Ice Tray with Storage Ice Bucket Kits, Ice Scoop",https://www.amazon.com/DOQAUS-Silicone-Plastic-Container-Stackable/dp/B0BHKCZZR7/ref=zg_bs_g_kitchen_d_sccl_48/137-2264998-7270810?psc=1,12.34,"6,428",4.6
49,"Simple Modern Kids Water Bottle with Straw Lid | Insulated Stainless Steel Reusable Tumbler for Toddlers, Boys | Summit Collection | 14oz, Under Construction",https://www.amazon.com/Simple-Modern-Summit-Water-Bottles/dp/B07RPRVXNX/ref=zg_bs_g_kitchen_d_sccl_49/137-2264998-7270810?psc=1,17.99,"13,847",4.7
50,"ùêèùêëùêàùêåùêÑ ùêÉùêÄùêò ùêÉùêÑùêÄùêãùêí ùêìùêéùêÉùêÄùêò ùüêùüéùüêùüí Extra Large Bamboo Serving & Chopping Board for Kitchen Meal Prep & Charcuterie ‚Äì Butcher Block with Deep Juice Groove, Kitchen Gadget Gift (XL 18x12"")",https://www.amazon.com/ROYAL-CRAFT-WOOD-Chopping-Charcuterie/dp/B01MU0C1F5/ref=zg_bs_g_kitchen_d_sccl_50/137-2264998-7270810?psc=1,14.99,"51,198",4.6
